requirement_id,source,delivery_goals,acceptance_family,planned_test_id,status,implementation_evidence,verification_evidence,notes
"TEN-001","REQUIREMENTS.md","3;4;5;11","AC-TEN","T-TEN-001","Specified","","",""
"TEN-002","REQUIREMENTS.md","3;4;5;11","AC-TEN","T-TEN-002","Specified","","",""
"TEN-003","REQUIREMENTS.md","3;4;5;11","AC-TEN","T-TEN-003","Specified","","",""
"TEN-004","REQUIREMENTS.md","3;4;5;11","AC-TEN","T-TEN-004","Specified","","",""
"TEN-005","REQUIREMENTS.md","3;4;5;11","AC-TEN","T-TEN-005","Specified","","",""
"TEN-006","REQUIREMENTS.md","3;4;5;11","AC-TEN","T-TEN-006","Specified","","",""
"TEN-007","REQUIREMENTS.md","3;4;5;11","AC-TEN","T-TEN-007","Specified","","",""
"TEN-008","REQUIREMENTS.md","3;4;5;11","AC-TEN","T-TEN-008","Specified","","",""
"IAM-001","REQUIREMENTS.md","4;9;11","AC-IAM","T-IAM-001","Specified","","",""
"IAM-002","REQUIREMENTS.md","4;9;11","AC-IAM","T-IAM-002","Specified","","",""
"IAM-003","REQUIREMENTS.md","4;9;11","AC-IAM","T-IAM-003","Specified","","",""
"IAM-004","REQUIREMENTS.md","4;9;11","AC-IAM","T-IAM-004","Specified","","",""
"IAM-005","REQUIREMENTS.md","4;9;11","AC-IAM","T-IAM-005","Specified","","",""
"IAM-006","REQUIREMENTS.md","4;9;11","AC-IAM","T-IAM-006","Specified","","",""
"IAM-007","REQUIREMENTS.md","4;9;11","AC-IAM","T-IAM-007","Specified","","",""
"IAM-008","REQUIREMENTS.md","4;9;11","AC-IAM","T-IAM-008","Specified","","",""
"IAM-009","REQUIREMENTS.md","4;9;11","AC-IAM","T-IAM-009","Specified","","",""
"IAM-010","REQUIREMENTS.md","4;9;11","AC-IAM","T-IAM-010","Specified","","",""
"IAM-011","REQUIREMENTS.md","4;9;11","AC-IAM","T-IAM-011","Specified","","",""
"IAM-012","REQUIREMENTS.md","4;9;11","AC-IAM","T-IAM-012","Specified","","",""
"IAM-013","REQUIREMENTS.md","4;9;11","AC-IAM","T-IAM-013","Specified","","",""
"IAM-014","REQUIREMENTS.md","4;9;11","AC-IAM","T-IAM-014","Specified","","",""
"IAM-015","REQUIREMENTS.md","4;9;11","AC-IAM","T-IAM-015","Specified","","",""
"IAM-016","REQUIREMENTS.md","4;9;11","AC-IAM","T-IAM-016","Specified","","",""
"IAM-017","REQUIREMENTS.md","4;9;11","AC-IAM","T-IAM-017","Specified","","",""
"DEV-001","REQUIREMENTS.md","6;8;11","AC-DEV","T-DEV-001","Specified","","",""
"DEV-002","REQUIREMENTS.md","6;8;11","AC-DEV","T-DEV-002","Specified","","",""
"DEV-003","REQUIREMENTS.md","6;8;11","AC-DEV","T-DEV-003","Specified","","",""
"DEV-004","REQUIREMENTS.md","6;8;11","AC-DEV","T-DEV-004","Specified","","",""
"DEV-005","REQUIREMENTS.md","6;8;11","AC-DEV","T-DEV-005","Specified","","",""
"DEV-006","REQUIREMENTS.md","6;8;11","AC-DEV","T-DEV-006","Specified","","",""
"DEV-007","REQUIREMENTS.md","6;8;11","AC-DEV","T-DEV-007","Specified","","",""
"DEV-008","REQUIREMENTS.md","6;8;11","AC-DEV","T-DEV-008","Specified","","",""
"DEV-009","REQUIREMENTS.md","6;8;11","AC-DEV","T-DEV-009","Specified","","",""
"DEV-010","REQUIREMENTS.md","6;8;11","AC-DEV","T-DEV-010","Specified","","",""
"DEV-011","REQUIREMENTS.md","6;8;11","AC-DEV","T-DEV-011","Specified","","",""
"DEV-012","REQUIREMENTS.md","6;8;11","AC-DEV","T-DEV-012","Specified","","",""
"DEV-013","REQUIREMENTS.md","6;8;11","AC-DEV","T-DEV-013","Specified","","",""
"DEV-014","REQUIREMENTS.md","6;8;11","AC-DEV","T-DEV-014","Specified","","",""
"DEV-015","REQUIREMENTS.md","6;8;11","AC-DEV","T-DEV-015","Specified","","",""
"DEV-016","REQUIREMENTS.md","6;8;11","AC-DEV","T-DEV-016","Specified","","",""
"DEV-017","REQUIREMENTS.md","6;8;11","AC-DEV","T-DEV-017","Specified","","",""
"LIC-001","REQUIREMENTS.md","5;7;8;11","AC-LIC","T-LIC-001","Specified","","",""
"LIC-002","REQUIREMENTS.md","5;7;8;11","AC-LIC","T-LIC-002","Specified","","",""
"LIC-003","REQUIREMENTS.md","5;7;8;11","AC-LIC","T-LIC-003","Specified","","",""
"LIC-004","REQUIREMENTS.md","5;7;8;11","AC-LIC","T-LIC-004","Specified","","",""
"LIC-005","REQUIREMENTS.md","5;7;8;11","AC-LIC","T-LIC-005","Specified","","",""
"LIC-006","REQUIREMENTS.md","5;7;8;11","AC-LIC","T-LIC-006","Specified","","",""
"LIC-007","REQUIREMENTS.md","5;7;8;11","AC-LIC","T-LIC-007","Specified","","",""
"LIC-008","REQUIREMENTS.md","5;7;8;11","AC-LIC","T-LIC-008","Specified","","",""
"LIC-009","REQUIREMENTS.md","5;7;8;11","AC-LIC","T-LIC-009","Specified","","",""
"LIC-010","REQUIREMENTS.md","5;7;8;11","AC-LIC","T-LIC-010","Specified","","",""
"LIC-011","REQUIREMENTS.md","5;7;8;11","AC-LIC","T-LIC-011","Specified","","",""
"LIC-012","REQUIREMENTS.md","5;7;8;11","AC-LIC","T-LIC-012","Specified","","",""
"LIC-013","REQUIREMENTS.md","5;7;8;11","AC-LIC","T-LIC-013","Specified","","",""
"LIC-014","REQUIREMENTS.md","5;7;8;11","AC-LIC","T-LIC-014","Specified","","",""
"LIC-015","REQUIREMENTS.md","5;7;8;11","AC-LIC","T-LIC-015","Specified","","",""
"CNT-001","REQUIREMENTS.md","5;7;8;11","AC-CNT","T-CNT-001","Specified","","",""
"CNT-002","REQUIREMENTS.md","5;7;8;11","AC-CNT","T-CNT-002","Specified","","",""
"CNT-003","REQUIREMENTS.md","5;7;8;11","AC-CNT","T-CNT-003","Specified","","",""
"CNT-004","REQUIREMENTS.md","5;7;8;11","AC-CNT","T-CNT-004","Specified","","",""
"CNT-005","REQUIREMENTS.md","5;7;8;11","AC-CNT","T-CNT-005","Specified","","",""
"CNT-006","REQUIREMENTS.md","5;7;8;11","AC-CNT","T-CNT-006","Specified","","",""
"CNT-007","REQUIREMENTS.md","5;7;8;11","AC-CNT","T-CNT-007","Specified","","",""
"CNT-008","REQUIREMENTS.md","5;7;8;11","AC-CNT","T-CNT-008","Specified","","",""
"CNT-009","REQUIREMENTS.md","5;7;8;11","AC-CNT","T-CNT-009","Specified","","",""
"CNT-010","REQUIREMENTS.md","5;7;8;11","AC-CNT","T-CNT-010","Specified","","",""
"CNT-011","REQUIREMENTS.md","5;7;8;11","AC-CNT","T-CNT-011","Specified","","",""
"CNT-012","REQUIREMENTS.md","5;7;8;11","AC-CNT","T-CNT-012","Specified","","",""
"CNT-013","REQUIREMENTS.md","5;7;8;11","AC-CNT","T-CNT-013","Specified","","",""
"CNT-014","REQUIREMENTS.md","5;7;8;11","AC-CNT","T-CNT-014","Specified","","",""
"CNT-015","REQUIREMENTS.md","5;7;8;11","AC-CNT","T-CNT-015","Specified","","",""
"CNT-016","REQUIREMENTS.md","5;7;8;11","AC-CNT","T-CNT-016","Specified","","",""
"PLY-001","REQUIREMENTS.md","7;8;11","AC-SYN;AC-PLY","T-PLY-001","Specified","","",""
"PLY-002","REQUIREMENTS.md","7;8;11","AC-SYN;AC-PLY","T-PLY-002","Specified","","",""
"PLY-003","REQUIREMENTS.md","7;8;11","AC-SYN;AC-PLY","T-PLY-003","Specified","","",""
"PLY-004","REQUIREMENTS.md","7;8;11","AC-SYN;AC-PLY","T-PLY-004","Specified","","",""
"PLY-005","REQUIREMENTS.md","7;8;11","AC-SYN;AC-PLY","T-PLY-005","Specified","","",""
"PLY-006","REQUIREMENTS.md","7;8;11","AC-SYN;AC-PLY","T-PLY-006","Specified","","",""
"PLY-007","REQUIREMENTS.md","7;8;11","AC-SYN;AC-PLY","T-PLY-007","Specified","","",""
"PLY-008","REQUIREMENTS.md","7;8;11","AC-SYN;AC-PLY","T-PLY-008","Specified","","",""
"PLY-009","REQUIREMENTS.md","7;8;11","AC-SYN;AC-PLY","T-PLY-009","Specified","","",""
"PLY-010","REQUIREMENTS.md","7;8;11","AC-SYN;AC-PLY","T-PLY-010","Specified","","",""
"PLY-011","REQUIREMENTS.md","7;8;11","AC-SYN;AC-PLY","T-PLY-011","Specified","","",""
"PLY-012","REQUIREMENTS.md","7;8;11","AC-SYN;AC-PLY","T-PLY-012","Specified","","",""
"PLY-013","REQUIREMENTS.md","7;8;11","AC-SYN;AC-PLY","T-PLY-013","Specified","","",""
"PLY-014","REQUIREMENTS.md","7;8;11","AC-SYN;AC-PLY","T-PLY-014","Specified","","",""
"PLY-015","REQUIREMENTS.md","7;8;11","AC-SYN;AC-PLY","T-PLY-015","Specified","","",""
"PLY-016","REQUIREMENTS.md","7;8;11","AC-SYN;AC-PLY","T-PLY-016","Specified","","",""
"API-001","REQUIREMENTS.md","3;4;6;11","AC-TEN;AC-OPS","T-API-001","Specified","","",""
"API-002","REQUIREMENTS.md","3;4;6;11","AC-TEN;AC-OPS","T-API-002","Specified","","",""
"API-003","REQUIREMENTS.md","3;4;6;11","AC-TEN;AC-OPS","T-API-003","Specified","","",""
"API-004","REQUIREMENTS.md","3;4;6;11","AC-TEN;AC-OPS","T-API-004","Specified","","",""
"API-005","REQUIREMENTS.md","3;4;6;11","AC-TEN;AC-OPS","T-API-005","Specified","","",""
"API-006","REQUIREMENTS.md","3;4;6;11","AC-TEN;AC-OPS","T-API-006","Specified","","",""
"API-007","REQUIREMENTS.md","3;4;6;11","AC-TEN;AC-OPS","T-API-007","Specified","","",""
"API-008","REQUIREMENTS.md","3;4;6;11","AC-TEN;AC-OPS","T-API-008","Specified","","",""
"API-009","REQUIREMENTS.md","3;4;6;11","AC-TEN;AC-OPS","T-API-009","Specified","","",""
"API-010","REQUIREMENTS.md","3;4;6;11","AC-TEN;AC-OPS","T-API-010","Specified","","",""
"SEC-001","REQUIREMENTS.md","3;4;6;7;8;10;11","AC-OPS;AC-VER","T-SEC-001","Specified","","",""
"SEC-002","REQUIREMENTS.md","3;4;6;7;8;10;11","AC-OPS;AC-VER","T-SEC-002","Specified","","",""
"SEC-003","REQUIREMENTS.md","3;4;6;7;8;10;11","AC-OPS;AC-VER","T-SEC-003","Specified","","",""
"SEC-004","REQUIREMENTS.md","3;4;6;7;8;10;11","AC-OPS;AC-VER","T-SEC-004","Specified","","",""
"SEC-005","REQUIREMENTS.md","3;4;6;7;8;10;11","AC-OPS;AC-VER","T-SEC-005","Specified","","",""
"SEC-006","REQUIREMENTS.md","3;4;6;7;8;10;11","AC-OPS;AC-VER","T-SEC-006","Specified","","",""
"SEC-007","REQUIREMENTS.md","3;4;6;7;8;10;11","AC-OPS;AC-VER","T-SEC-007","Specified","","",""
"SEC-008","REQUIREMENTS.md","3;4;6;7;8;10;11","AC-OPS;AC-VER","T-SEC-008","Specified","","",""
"SEC-009","REQUIREMENTS.md","3;4;6;7;8;10;11","AC-OPS;AC-VER","T-SEC-009","Specified","","",""
"SEC-010","REQUIREMENTS.md","3;4;6;7;8;10;11","AC-OPS;AC-VER","T-SEC-010","Specified","","",""
"SEC-011","REQUIREMENTS.md","3;4;6;7;8;10;11","AC-OPS;AC-VER","T-SEC-011","Specified","","",""
"SEC-012","REQUIREMENTS.md","3;4;6;7;8;10;11","AC-OPS;AC-VER","T-SEC-012","Specified","","",""
"SEC-013","REQUIREMENTS.md","3;4;6;7;8;10;11","AC-OPS;AC-VER","T-SEC-013","Specified","","",""
"SEC-014","REQUIREMENTS.md","3;4;6;7;8;10;11","AC-OPS;AC-VER","T-SEC-014","Specified","","",""
"NFR-001","REQUIREMENTS.md","2;9;10;11","AC-OPS;AC-VER","T-NFR-001","Specified","","",""
"NFR-002","REQUIREMENTS.md","2;9;10;11","AC-OPS;AC-VER","T-NFR-002","Specified","","",""
"NFR-003","REQUIREMENTS.md","2;9;10;11","AC-OPS;AC-VER","T-NFR-003","Specified","","",""
"NFR-004","REQUIREMENTS.md","2;9;10;11","AC-OPS;AC-VER","T-NFR-004","Specified","","",""
"NFR-005","REQUIREMENTS.md","2;9;10;11","AC-OPS;AC-VER","T-NFR-005","Specified","","",""
"NFR-006","REQUIREMENTS.md","2;9;10;11","AC-OPS;AC-VER","T-NFR-006","Specified","","",""
"NFR-007","REQUIREMENTS.md","2;9;10;11","AC-OPS;AC-VER","T-NFR-007","Specified","","",""
"NFR-008","REQUIREMENTS.md","2;9;10;11","AC-OPS;AC-VER","T-NFR-008","Specified","","",""
"NFR-009","REQUIREMENTS.md","2;9;10;11","AC-OPS;AC-VER","T-NFR-009","Specified","","",""
"NFR-010","REQUIREMENTS.md","2;9;10;11","AC-OPS;AC-VER","T-NFR-010","Specified","","",""
"NFR-011","REQUIREMENTS.md","2;9;10;11","AC-OPS;AC-VER","T-NFR-011","Specified","","",""
"NFR-012","REQUIREMENTS.md","2;9;10;11","AC-OPS;AC-VER","T-NFR-012","Specified","","",""
"NFR-013","REQUIREMENTS.md","2;9;10;11","AC-OPS;AC-VER","T-NFR-013","Specified","","",""
"VER-001","REQUIREMENTS.md","11;12","AC-VER","T-VER-001","Specified","","",""
"VER-002","REQUIREMENTS.md","11;12","AC-VER","T-VER-002","Specified","","",""
"VER-003","REQUIREMENTS.md","11;12","AC-VER","T-VER-003","Specified","","",""
"VER-004","REQUIREMENTS.md","11;12","AC-VER","T-VER-004","Specified","","",""
"VER-005","REQUIREMENTS.md","11;12","AC-VER","T-VER-005","Specified","","",""
"VER-006","REQUIREMENTS.md","11;12","AC-VER","T-VER-006","Specified","","",""
"VER-007","REQUIREMENTS.md","11;12","AC-VER","T-VER-007","Specified","","",""
"VER-008","REQUIREMENTS.md","11;12","AC-VER","T-VER-008","Specified","","",""
"VER-009","REQUIREMENTS.md","11;12","AC-VER","T-VER-009","Specified","","",""
"VER-010","REQUIREMENTS.md","11;12","AC-VER","T-VER-010","Specified","","",""
"DOC-001","REQUIREMENTS.md","12","AC-DOC","T-DOC-001","Specified","","",""
"DOC-002","REQUIREMENTS.md","12","AC-DOC","T-DOC-002","Specified","","",""
"DOC-003","REQUIREMENTS.md","12","AC-DOC","T-DOC-003","Specified","","",""
"DOC-004","REQUIREMENTS.md","12","AC-DOC","T-DOC-004","Specified","","",""
"DOC-005","REQUIREMENTS.md","12","AC-DOC","T-DOC-005","Specified","","",""
"DOC-006","REQUIREMENTS.md","12","AC-DOC","T-DOC-006","Specified","","",""
"SEC-BASE-001","SECURITY_REQUIREMENTS.md","2;10;11","AC-OPS;AC-VER","T-SEC-BASE-001","Specified","","",""
"SEC-BASE-002","SECURITY_REQUIREMENTS.md","2;10;11","AC-OPS;AC-VER","T-SEC-BASE-002","Specified","","",""
"SEC-BASE-003","SECURITY_REQUIREMENTS.md","2;10;11","AC-OPS;AC-VER","T-SEC-BASE-003","Specified","","",""
"SEC-BASE-004","SECURITY_REQUIREMENTS.md","2;10;11","AC-OPS;AC-VER","T-SEC-BASE-004","Specified","","",""
"SEC-BASE-005","SECURITY_REQUIREMENTS.md","2;10;11","AC-OPS;AC-VER","T-SEC-BASE-005","Specified","","",""
"SEC-BASE-006","SECURITY_REQUIREMENTS.md","2;10;11","AC-OPS;AC-VER","T-SEC-BASE-006","Specified","","",""
"SEC-HUM-001","SECURITY_REQUIREMENTS.md","4;11","AC-IAM","T-SEC-HUM-001","Specified","","",""
"SEC-HUM-002","SECURITY_REQUIREMENTS.md","4;11","AC-IAM","T-SEC-HUM-002","Specified","","",""
"SEC-HUM-003","SECURITY_REQUIREMENTS.md","4;11","AC-IAM","T-SEC-HUM-003","Specified","","",""
"SEC-HUM-004","SECURITY_REQUIREMENTS.md","4;11","AC-IAM","T-SEC-HUM-004","Specified","","",""
"SEC-HUM-005","SECURITY_REQUIREMENTS.md","4;11","AC-IAM","T-SEC-HUM-005","Specified","","",""
"SEC-HUM-006","SECURITY_REQUIREMENTS.md","4;11","AC-IAM","T-SEC-HUM-006","Specified","","",""
"SEC-HUM-007","SECURITY_REQUIREMENTS.md","4;11","AC-IAM","T-SEC-HUM-007","Specified","","",""
"SEC-HUM-008","SECURITY_REQUIREMENTS.md","4;11","AC-IAM","T-SEC-HUM-008","Specified","","",""
"SEC-HUM-009","SECURITY_REQUIREMENTS.md","4;11","AC-IAM","T-SEC-HUM-009","Specified","","",""
"SEC-HUM-010","SECURITY_REQUIREMENTS.md","4;11","AC-IAM","T-SEC-HUM-010","Specified","","",""
"SEC-HUM-011","SECURITY_REQUIREMENTS.md","4;11","AC-IAM","T-SEC-HUM-011","Specified","","",""
"SEC-HUM-012","SECURITY_REQUIREMENTS.md","4;11","AC-IAM","T-SEC-HUM-012","Specified","","",""
"SEC-HUM-013","SECURITY_REQUIREMENTS.md","4;11","AC-IAM","T-SEC-HUM-013","Specified","","",""
"SEC-HUM-014","SECURITY_REQUIREMENTS.md","4;11","AC-IAM","T-SEC-HUM-014","Specified","","",""
"SEC-HUM-015","SECURITY_REQUIREMENTS.md","4;11","AC-IAM","T-SEC-HUM-015","Specified","","",""
"SEC-HUM-016","SECURITY_REQUIREMENTS.md","4;11","AC-IAM","T-SEC-HUM-016","Specified","","",""
"SEC-HUM-017","SECURITY_REQUIREMENTS.md","4;11","AC-IAM","T-SEC-HUM-017","Specified","","",""
"SEC-HUM-018","SECURITY_REQUIREMENTS.md","4;11","AC-IAM","T-SEC-HUM-018","Specified","","",""
"SEC-HUM-019","SECURITY_REQUIREMENTS.md","4;11","AC-IAM","T-SEC-HUM-019","Specified","","",""
"SEC-HUM-020","SECURITY_REQUIREMENTS.md","4;11","AC-IAM","T-SEC-HUM-020","Specified","","",""
"SEC-HUM-021","SECURITY_REQUIREMENTS.md","4;11","AC-IAM","T-SEC-HUM-021","Specified","","",""
"SEC-WEB-001","SECURITY_REQUIREMENTS.md","4;9;11","AC-IAM;AC-VER","T-SEC-WEB-001","Specified","","",""
"SEC-WEB-002","SECURITY_REQUIREMENTS.md","4;9;11","AC-IAM;AC-VER","T-SEC-WEB-002","Specified","","",""
"SEC-WEB-003","SECURITY_REQUIREMENTS.md","4;9;11","AC-IAM;AC-VER","T-SEC-WEB-003","Specified","","",""
"SEC-WEB-004","SECURITY_REQUIREMENTS.md","4;9;11","AC-IAM;AC-VER","T-SEC-WEB-004","Specified","","",""
"SEC-WEB-005","SECURITY_REQUIREMENTS.md","4;9;11","AC-IAM;AC-VER","T-SEC-WEB-005","Specified","","",""
"SEC-WEB-006","SECURITY_REQUIREMENTS.md","4;9;11","AC-IAM;AC-VER","T-SEC-WEB-006","Specified","","",""
"SEC-WEB-007","SECURITY_REQUIREMENTS.md","4;9;11","AC-IAM;AC-VER","T-SEC-WEB-007","Specified","","",""
"SEC-WEB-008","SECURITY_REQUIREMENTS.md","4;9;11","AC-IAM;AC-VER","T-SEC-WEB-008","Specified","","",""
"SEC-AUT-001","SECURITY_REQUIREMENTS.md","3;4;5;11","AC-TEN;AC-IAM","T-SEC-AUT-001","Specified","","",""
"SEC-AUT-002","SECURITY_REQUIREMENTS.md","3;4;5;11","AC-TEN;AC-IAM","T-SEC-AUT-002","Specified","","",""
"SEC-AUT-003","SECURITY_REQUIREMENTS.md","3;4;5;11","AC-TEN;AC-IAM","T-SEC-AUT-003","Specified","","",""
"SEC-AUT-004","SECURITY_REQUIREMENTS.md","3;4;5;11","AC-TEN;AC-IAM","T-SEC-AUT-004","Specified","","",""
"SEC-AUT-005","SECURITY_REQUIREMENTS.md","3;4;5;11","AC-TEN;AC-IAM","T-SEC-AUT-005","Specified","","",""
"SEC-AUT-006","SECURITY_REQUIREMENTS.md","3;4;5;11","AC-TEN;AC-IAM","T-SEC-AUT-006","Specified","","",""
"SEC-AUT-007","SECURITY_REQUIREMENTS.md","3;4;5;11","AC-TEN;AC-IAM","T-SEC-AUT-007","Specified","","",""
"SEC-TEN-001","SECURITY_REQUIREMENTS.md","3;11","AC-TEN","T-SEC-TEN-001","Specified","","",""
"SEC-TEN-002","SECURITY_REQUIREMENTS.md","3;11","AC-TEN","T-SEC-TEN-002","Specified","","",""
"SEC-TEN-003","SECURITY_REQUIREMENTS.md","3;11","AC-TEN","T-SEC-TEN-003","Specified","","",""
"SEC-TEN-004","SECURITY_REQUIREMENTS.md","3;11","AC-TEN","T-SEC-TEN-004","Specified","","",""
"SEC-TEN-005","SECURITY_REQUIREMENTS.md","3;11","AC-TEN","T-SEC-TEN-005","Specified","","",""
"SEC-TEN-006","SECURITY_REQUIREMENTS.md","3;11","AC-TEN","T-SEC-TEN-006","Specified","","",""
"SEC-TEN-007","SECURITY_REQUIREMENTS.md","3;11","AC-TEN","T-SEC-TEN-007","Specified","","",""
"SEC-TEN-008","SECURITY_REQUIREMENTS.md","3;11","AC-TEN","T-SEC-TEN-008","Specified","","",""
"SEC-TEN-009","SECURITY_REQUIREMENTS.md","3;11","AC-TEN","T-SEC-TEN-009","Specified","","",""
"SEC-TEN-010","SECURITY_REQUIREMENTS.md","3;11","AC-TEN","T-SEC-TEN-010","Specified","","",""
"SEC-TEN-011","SECURITY_REQUIREMENTS.md","3;11","AC-TEN","T-SEC-TEN-011","Specified","","",""
"SEC-DEV-001","SECURITY_REQUIREMENTS.md","6;8;11","AC-DEV","T-SEC-DEV-001","Specified","","",""
"SEC-DEV-002","SECURITY_REQUIREMENTS.md","6;8;11","AC-DEV","T-SEC-DEV-002","Specified","","",""
"SEC-DEV-003","SECURITY_REQUIREMENTS.md","6;8;11","AC-DEV","T-SEC-DEV-003","Specified","","",""
"SEC-DEV-004","SECURITY_REQUIREMENTS.md","6;8;11","AC-DEV","T-SEC-DEV-004","Specified","","",""
"SEC-DEV-005","SECURITY_REQUIREMENTS.md","6;8;11","AC-DEV","T-SEC-DEV-005","Specified","","",""
"SEC-DEV-006","SECURITY_REQUIREMENTS.md","6;8;11","AC-DEV","T-SEC-DEV-006","Specified","","",""
"SEC-DEV-007","SECURITY_REQUIREMENTS.md","6;8;11","AC-DEV","T-SEC-DEV-007","Specified","","",""
"SEC-DEV-008","SECURITY_REQUIREMENTS.md","6;8;11","AC-DEV","T-SEC-DEV-008","Specified","","",""
"SEC-DEV-009","SECURITY_REQUIREMENTS.md","6;8;11","AC-DEV","T-SEC-DEV-009","Specified","","",""
"SEC-DEV-010","SECURITY_REQUIREMENTS.md","6;8;11","AC-DEV","T-SEC-DEV-010","Specified","","",""
"SEC-DEV-011","SECURITY_REQUIREMENTS.md","6;8;11","AC-DEV","T-SEC-DEV-011","Specified","","",""
"SEC-DEV-012","SECURITY_REQUIREMENTS.md","6;8;11","AC-DEV","T-SEC-DEV-012","Specified","","",""
"SEC-DEV-013","SECURITY_REQUIREMENTS.md","6;8;11","AC-DEV","T-SEC-DEV-013","Specified","","",""
"SEC-DEV-014","SECURITY_REQUIREMENTS.md","6;8;11","AC-DEV","T-SEC-DEV-014","Specified","","",""
"SEC-DEV-015","SECURITY_REQUIREMENTS.md","6;8;11","AC-DEV","T-SEC-DEV-015","Specified","","",""
"SEC-DEV-016","SECURITY_REQUIREMENTS.md","6;8;11","AC-DEV","T-SEC-DEV-016","Specified","","",""
"SEC-DEV-017","SECURITY_REQUIREMENTS.md","6;8;11","AC-DEV","T-SEC-DEV-017","Specified","","",""
"SEC-LIC-001","SECURITY_REQUIREMENTS.md","7;8;11","AC-LIC","T-SEC-LIC-001","Specified","","",""
"SEC-LIC-002","SECURITY_REQUIREMENTS.md","7;8;11","AC-LIC","T-SEC-LIC-002","Specified","","",""
"SEC-LIC-003","SECURITY_REQUIREMENTS.md","7;8;11","AC-LIC","T-SEC-LIC-003","Specified","","",""
"SEC-LIC-004","SECURITY_REQUIREMENTS.md","7;8;11","AC-LIC","T-SEC-LIC-004","Specified","","",""
"SEC-LIC-005","SECURITY_REQUIREMENTS.md","7;8;11","AC-LIC","T-SEC-LIC-005","Specified","","",""
"SEC-LIC-006","SECURITY_REQUIREMENTS.md","7;8;11","AC-LIC","T-SEC-LIC-006","Specified","","",""
"SEC-LIC-007","SECURITY_REQUIREMENTS.md","7;8;11","AC-LIC","T-SEC-LIC-007","Specified","","",""
"SEC-LIC-008","SECURITY_REQUIREMENTS.md","7;8;11","AC-LIC","T-SEC-LIC-008","Specified","","",""
"SEC-LIC-009","SECURITY_REQUIREMENTS.md","7;8;11","AC-LIC","T-SEC-LIC-009","Specified","","",""
"SEC-LIC-010","SECURITY_REQUIREMENTS.md","7;8;11","AC-LIC","T-SEC-LIC-010","Specified","","",""
"SEC-LIC-011","SECURITY_REQUIREMENTS.md","7;8;11","AC-LIC","T-SEC-LIC-011","Specified","","",""
"SEC-LIC-012","SECURITY_REQUIREMENTS.md","7;8;11","AC-LIC","T-SEC-LIC-012","Specified","","",""
"SEC-LIC-013","SECURITY_REQUIREMENTS.md","7;8;11","AC-LIC","T-SEC-LIC-013","Specified","","",""
"SEC-LIC-014","SECURITY_REQUIREMENTS.md","7;8;11","AC-LIC","T-SEC-LIC-014","Specified","","",""
"SEC-CNT-001","SECURITY_REQUIREMENTS.md","5;7;8;11","AC-CNT;AC-SYN","T-SEC-CNT-001","Specified","","",""
"SEC-CNT-002","SECURITY_REQUIREMENTS.md","5;7;8;11","AC-CNT;AC-SYN","T-SEC-CNT-002","Specified","","",""
"SEC-CNT-003","SECURITY_REQUIREMENTS.md","5;7;8;11","AC-CNT;AC-SYN","T-SEC-CNT-003","Specified","","",""
"SEC-CNT-004","SECURITY_REQUIREMENTS.md","5;7;8;11","AC-CNT;AC-SYN","T-SEC-CNT-004","Specified","","",""
"SEC-CNT-005","SECURITY_REQUIREMENTS.md","5;7;8;11","AC-CNT;AC-SYN","T-SEC-CNT-005","Specified","","",""
"SEC-CNT-006","SECURITY_REQUIREMENTS.md","5;7;8;11","AC-CNT;AC-SYN","T-SEC-CNT-006","Specified","","",""
"SEC-CNT-007","SECURITY_REQUIREMENTS.md","5;7;8;11","AC-CNT;AC-SYN","T-SEC-CNT-007","Specified","","",""
"SEC-CNT-008","SECURITY_REQUIREMENTS.md","5;7;8;11","AC-CNT;AC-SYN","T-SEC-CNT-008","Specified","","",""
"SEC-CNT-009","SECURITY_REQUIREMENTS.md","5;7;8;11","AC-CNT;AC-SYN","T-SEC-CNT-009","Specified","","",""
"SEC-CNT-010","SECURITY_REQUIREMENTS.md","5;7;8;11","AC-CNT;AC-SYN","T-SEC-CNT-010","Specified","","",""
"SEC-CNT-011","SECURITY_REQUIREMENTS.md","5;7;8;11","AC-CNT;AC-SYN","T-SEC-CNT-011","Specified","","",""
"SEC-CNT-012","SECURITY_REQUIREMENTS.md","5;7;8;11","AC-CNT;AC-SYN","T-SEC-CNT-012","Specified","","",""
"SEC-CNT-013","SECURITY_REQUIREMENTS.md","5;7;8;11","AC-CNT;AC-SYN","T-SEC-CNT-013","Specified","","",""
"SEC-CNT-014","SECURITY_REQUIREMENTS.md","5;7;8;11","AC-CNT;AC-SYN","T-SEC-CNT-014","Specified","","",""
"SEC-CNT-015","SECURITY_REQUIREMENTS.md","5;7;8;11","AC-CNT;AC-SYN","T-SEC-CNT-015","Specified","","",""
"SEC-CNT-016","SECURITY_REQUIREMENTS.md","5;7;8;11","AC-CNT;AC-SYN","T-SEC-CNT-016","Specified","","",""
"SEC-INF-001","SECURITY_REQUIREMENTS.md","2;6;10;11","AC-OPS;AC-VER","T-SEC-INF-001","Specified","","",""
"SEC-INF-002","SECURITY_REQUIREMENTS.md","2;6;10;11","AC-OPS;AC-VER","T-SEC-INF-002","Specified","","",""
"SEC-INF-003","SECURITY_REQUIREMENTS.md","2;6;10;11","AC-OPS;AC-VER","T-SEC-INF-003","Specified","","",""
"SEC-INF-004","SECURITY_REQUIREMENTS.md","2;6;10;11","AC-OPS;AC-VER","T-SEC-INF-004","Specified","","",""
"SEC-INF-005","SECURITY_REQUIREMENTS.md","2;6;10;11","AC-OPS;AC-VER","T-SEC-INF-005","Specified","","",""
"SEC-INF-006","SECURITY_REQUIREMENTS.md","2;6;10;11","AC-OPS;AC-VER","T-SEC-INF-006","Specified","","",""
"SEC-INF-007","SECURITY_REQUIREMENTS.md","2;6;10;11","AC-OPS;AC-VER","T-SEC-INF-007","Specified","","",""
"SEC-INF-008","SECURITY_REQUIREMENTS.md","2;6;10;11","AC-OPS;AC-VER","T-SEC-INF-008","Specified","","",""
"SEC-INF-009","SECURITY_REQUIREMENTS.md","2;6;10;11","AC-OPS;AC-VER","T-SEC-INF-009","Specified","","",""
"SEC-INF-010","SECURITY_REQUIREMENTS.md","2;6;10;11","AC-OPS;AC-VER","T-SEC-INF-010","Specified","","",""
"SEC-INF-011","SECURITY_REQUIREMENTS.md","2;6;10;11","AC-OPS;AC-VER","T-SEC-INF-011","Specified","","",""
"SEC-INF-012","SECURITY_REQUIREMENTS.md","2;6;10;11","AC-OPS;AC-VER","T-SEC-INF-012","Specified","","",""
"SEC-INF-013","SECURITY_REQUIREMENTS.md","2;6;10;11","AC-OPS;AC-VER","T-SEC-INF-013","Specified","","",""
"SEC-INF-014","SECURITY_REQUIREMENTS.md","2;6;10;11","AC-OPS;AC-VER","T-SEC-INF-014","Specified","","",""
"SEC-INF-015","SECURITY_REQUIREMENTS.md","2;6;10;11","AC-OPS;AC-VER","T-SEC-INF-015","Specified","","",""
"SEC-INF-016","SECURITY_REQUIREMENTS.md","2;6;10;11","AC-OPS;AC-VER","T-SEC-INF-016","Specified","","",""
"SEC-INF-017","SECURITY_REQUIREMENTS.md","2;6;10;11","AC-OPS;AC-VER","T-SEC-INF-017","Specified","","",""
"SEC-INF-018","SECURITY_REQUIREMENTS.md","2;6;10;11","AC-OPS;AC-VER","T-SEC-INF-018","Specified","","",""
"SEC-INF-019","SECURITY_REQUIREMENTS.md","2;6;10;11","AC-OPS;AC-VER","T-SEC-INF-019","Specified","","",""
"SEC-INF-020","SECURITY_REQUIREMENTS.md","2;6;10;11","AC-OPS;AC-VER","T-SEC-INF-020","Specified","","",""
"SEC-INF-021","SECURITY_REQUIREMENTS.md","2;6;10;11","AC-OPS;AC-VER","T-SEC-INF-021","Specified","","",""
"SEC-INF-022","SECURITY_REQUIREMENTS.md","2;6;10;11","AC-OPS;AC-VER","T-SEC-INF-022","Specified","","",""
"SEC-INF-023","SECURITY_REQUIREMENTS.md","2;6;10;11","AC-OPS;AC-VER","T-SEC-INF-023","Specified","","",""
